{"frames": [

{
	"filename": "balloon_orange.png",
	"frame": {"x":0,"y":202,"w":188,"h":202},
	"rotated": false,
	"trimmed": false,
	"spriteSourceSize": {"x":0,"y":0,"w":188,"h":202},
	"sourceSize": {"w":188,"h":202},
	"pivot": {"x":0.5,"y":0.5}
},
{
	"filename": "balloon_pink.png",
	"frame": {"x":0,"y":406,"w":188,"h":204},
	"rotated": false,
	"trimmed": false,
	"spriteSourceSize": {"x":0,"y":0,"w":188,"h":204},
	"sourceSize": {"w":188,"h":204},
	"pivot": {"x":0.5,"y":0.5}
},
{
	"filename": "balloon_pink_light.png",
	"frame": {"x":188,"y":610,"w":190,"h":208},
	"rotated": false,
	"trimmed": false,
	"spriteSourceSize": {"x":0,"y":0,"w":190,"h":208},
	"sourceSize": {"w":190,"h":208},
	"pivot": {"x":0.5,"y":0.5}
},
{
	"filename": "balloon_red.png",
	"frame": {"x":188,"y":406,"w":188,"h":204},
	"rotated": false,
	"trimmed": false,
	"spriteSourceSize": {"x":0,"y":0,"w":188,"h":204},
	"sourceSize": {"w":188,"h":204},
	"pivot": {"x":0.5,"y":0.5}
},
{
	"filename": "balloon_sendo.png",
	"frame": {"x":0,"y":610,"w":188,"h":206},
	"rotated": false,
	"trimmed": false,
	"spriteSourceSize": {"x":0,"y":0,"w":188,"h":206},
	"sourceSize": {"w":188,"h":206},
	"pivot": {"x":0.5,"y":0.5}
},
{
	"filename": "balloon_yellow.png",
	"frame": {"x":190,"y":0,"w":190,"h":202},
	"rotated": false,
	"trimmed": false,
	"spriteSourceSize": {"x":0,"y":0,"w":190,"h":202},
	"sourceSize": {"w":190,"h":202},
	"pivot": {"x":0.5,"y":0.5}
},
{
	"filename": "balloon_yellow_light.png",
	"frame": {"x":188,"y":202,"w":192,"h":204},
	"rotated": false,
	"trimmed": false,
	"spriteSourceSize": {"x":0,"y":0,"w":192,"h":204},
	"sourceSize": {"w":192,"h":204},
	"pivot": {"x":0.5,"y":0.5}
},
{
	"filename": "boom.png",
	"frame": {"x":0,"y":0,"w":190,"h":190},
	"rotated": false,
	"trimmed": false,
	"spriteSourceSize": {"x":0,"y":0,"w":190,"h":190},
	"sourceSize": {"w":190,"h":190},
	"pivot": {"x":0.5,"y":0.5}
}],
"meta": {
	"app": "https://www.codeandweb.com/texturepacker",
	"version": "1.0",
	"image": "balloon.png",
	"format": "RGBA8888",
	"size": {"w":380,"h":818},
	"scale": "1",
	"smartupdate": "$TexturePacker:SmartUpdate:e79450ef279ed0241ea2fc7515065fef:36f568285297f38460d510825754cff8:fad37c6bedacab89c5318c314b7d1c71$"
}
}
