{"frames": [

{
	"filename": "coin.png",
	"frame": {"x":257,"y":0,"w":25,"h":26},
	"rotated": false,
	"trimmed": false,
	"spriteSourceSize": {"x":0,"y":0,"w":25,"h":26},
	"sourceSize": {"w":25,"h":26},
  "pivot": {"x":0.5,"y":0.5}
},
{
	"filename": "minus.png",
	"frame": {"x":4,"y":0,"w":12,"h":6},
	"rotated": false,
	"trimmed": false,
	"spriteSourceSize": {"x":0,"y":0,"w":12,"h":6},
	"sourceSize": {"w":12,"h":6},
  "pivot": {"x":0.5,"y":0.5}
},
{
	"filename": "play_bg.png",
	"frame": {"x":72,"y":78,"w":563,"h":122},
	"rotated": false,
	"trimmed": false,
	"spriteSourceSize": {"x":0,"y":0,"w":563,"h":122},
	"sourceSize": {"w":563,"h":122},
  "pivot": {"x":0.5,"y":0.5}
},
{
	"filename": "play_clock.png",
	"frame": {"x":0,"y":200,"w":141,"h":122},
	"rotated": false,
	"trimmed": false,
	"spriteSourceSize": {"x":0,"y":0,"w":141,"h":122},
	"sourceSize": {"w":141,"h":122},
  "pivot": {"x":0.5,"y":0.5}
},
{
	"filename": "play_coin.png",
	"frame": {"x":575,"y":0,"w":81,"h":78},
	"rotated": false,
	"trimmed": false,
	"spriteSourceSize": {"x":0,"y":0,"w":81,"h":78},
	"sourceSize": {"w":81,"h":78},
  "pivot": {"x":0.5,"y":0.5}
},
{
	"filename": "play_gdt.png",
	"frame": {"x":141,"y":200,"w":515,"h":230},
	"rotated": false,
	"trimmed": false,
	"spriteSourceSize": {"x":0,"y":0,"w":515,"h":230},
	"sourceSize": {"w":515,"h":230},
  "pivot": {"x":0.5,"y":0.5}
},
{
	"filename": "play_gift.png",
	"frame": {"x":0,"y":78,"w":72,"h":83},
	"rotated": false,
	"trimmed": false,
	"spriteSourceSize": {"x":0,"y":0,"w":72,"h":83},
	"sourceSize": {"w":72,"h":83},
  "pivot": {"x":0.5,"y":0.5}
},
{
	"filename": "play_point.png",
	"frame": {"x":383,"y":0,"w":192,"h":42},
	"rotated": false,
	"trimmed": false,
	"spriteSourceSize": {"x":0,"y":0,"w":192,"h":42},
	"sourceSize": {"w":192,"h":42},
  "pivot": {"x":0.5,"y":0.5}
},
{
	"filename": "point_0.png",
	"frame": {"x":99,"y":0,"w":9,"h":14},
	"rotated": false,
	"trimmed": false,
	"spriteSourceSize": {"x":0,"y":0,"w":9,"h":14},
	"sourceSize": {"w":9,"h":14},
  "pivot": {"x":0.5,"y":0.5}
},
{
	"filename": "point_1.png",
	"frame": {"x":36,"y":0,"w":6,"h":13},
	"rotated": false,
	"trimmed": false,
	"spriteSourceSize": {"x":0,"y":0,"w":6,"h":13},
	"sourceSize": {"w":6,"h":13},
  "pivot": {"x":0.5,"y":0.5}
},
{
	"filename": "point_2.png",
	"frame": {"x":26,"y":0,"w":10,"h":13},
	"rotated": false,
	"trimmed": false,
	"spriteSourceSize": {"x":0,"y":0,"w":10,"h":13},
	"sourceSize": {"w":10,"h":13},
  "pivot": {"x":0.5,"y":0.5}
},
{
	"filename": "point_3.png",
	"frame": {"x":62,"y":0,"w":9,"h":14},
	"rotated": false,
	"trimmed": false,
	"spriteSourceSize": {"x":0,"y":0,"w":9,"h":14},
	"sourceSize": {"w":9,"h":14},
  "pivot": {"x":0.5,"y":0.5}
},
{
	"filename": "point_4.png",
	"frame": {"x":16,"y":0,"w":10,"h":13},
	"rotated": false,
	"trimmed": false,
	"spriteSourceSize": {"x":0,"y":0,"w":10,"h":13},
	"sourceSize": {"w":10,"h":13},
  "pivot": {"x":0.5,"y":0.5}
},
{
	"filename": "point_5.png",
	"frame": {"x":52,"y":0,"w":10,"h":14},
	"rotated": false,
	"trimmed": false,
	"spriteSourceSize": {"x":0,"y":0,"w":10,"h":14},
	"sourceSize": {"w":10,"h":14},
  "pivot": {"x":0.5,"y":0.5}
},
{
	"filename": "point_6.png",
	"frame": {"x":80,"y":0,"w":10,"h":14},
	"rotated": false,
	"trimmed": false,
	"spriteSourceSize": {"x":0,"y":0,"w":10,"h":14},
	"sourceSize": {"w":10,"h":14},
  "pivot": {"x":0.5,"y":0.5}
},
{
	"filename": "point_7.png",
	"frame": {"x":42,"y":0,"w":10,"h":13},
	"rotated": false,
	"trimmed": false,
	"spriteSourceSize": {"x":0,"y":0,"w":10,"h":13},
	"sourceSize": {"w":10,"h":13},
  "pivot": {"x":0.5,"y":0.5}
},
{
	"filename": "point_8.png",
	"frame": {"x":71,"y":0,"w":9,"h":14},
	"rotated": false,
	"trimmed": false,
	"spriteSourceSize": {"x":0,"y":0,"w":9,"h":14},
	"sourceSize": {"w":9,"h":14},
  "pivot": {"x":0.5,"y":0.5}
},
{
	"filename": "point_9.png",
	"frame": {"x":90,"y":0,"w":9,"h":14},
	"rotated": false,
	"trimmed": false,
	"spriteSourceSize": {"x":0,"y":0,"w":9,"h":14},
	"sourceSize": {"w":9,"h":14},
  "pivot": {"x":0.5,"y":0.5}
},
{
	"filename": "point_dot.png",
	"frame": {"x":0,"y":0,"w":4,"h":4},
	"rotated": false,
	"trimmed": false,
	"spriteSourceSize": {"x":0,"y":0,"w":4,"h":4},
	"sourceSize": {"w":4,"h":4},
  "pivot": {"x":0.5,"y":0.5}
},
{
	"filename": "time_0.png",
	"frame": {"x":357,"y":0,"w":26,"h":27},
	"rotated": false,
	"trimmed": false,
	"spriteSourceSize": {"x":0,"y":0,"w":26,"h":27},
	"sourceSize": {"w":26,"h":27},
  "pivot": {"x":0.5,"y":0.5}
},
{
	"filename": "time_1.png",
	"frame": {"x":137,"y":0,"w":16,"h":25},
	"rotated": false,
	"trimmed": false,
	"spriteSourceSize": {"x":0,"y":0,"w":16,"h":25},
	"sourceSize": {"w":16,"h":25},
  "pivot": {"x":0.5,"y":0.5}
},
{
	"filename": "time_2.png",
	"frame": {"x":204,"y":0,"w":28,"h":26},
	"rotated": false,
	"trimmed": false,
	"spriteSourceSize": {"x":0,"y":0,"w":28,"h":26},
	"sourceSize": {"w":28,"h":26},
  "pivot": {"x":0.5,"y":0.5}
},
{
	"filename": "time_3.png",
	"frame": {"x":332,"y":0,"w":25,"h":27},
	"rotated": false,
	"trimmed": false,
	"spriteSourceSize": {"x":0,"y":0,"w":25,"h":27},
	"sourceSize": {"w":25,"h":27},
  "pivot": {"x":0.5,"y":0.5}
},
{
	"filename": "time_4.png",
	"frame": {"x":153,"y":0,"w":26,"h":25},
	"rotated": false,
	"trimmed": false,
	"spriteSourceSize": {"x":0,"y":0,"w":26,"h":25},
	"sourceSize": {"w":26,"h":25},
  "pivot": {"x":0.5,"y":0.5}
},
{
	"filename": "time_5.png",
	"frame": {"x":179,"y":0,"w":25,"h":26},
	"rotated": false,
	"trimmed": false,
	"spriteSourceSize": {"x":0,"y":0,"w":25,"h":26},
	"sourceSize": {"w":25,"h":26},
  "pivot": {"x":0.5,"y":0.5}
},
{
	"filename": "time_6.png",
	"frame": {"x":232,"y":0,"w":25,"h":26},
	"rotated": false,
	"trimmed": false,
	"spriteSourceSize": {"x":0,"y":0,"w":25,"h":26},
	"sourceSize": {"w":25,"h":26},
  "pivot": {"x":0.5,"y":0.5}
},
{
	"filename": "time_7.png",
	"frame": {"x":108,"y":0,"w":29,"h":25},
	"rotated": false,
	"trimmed": false,
	"spriteSourceSize": {"x":0,"y":0,"w":29,"h":25},
	"sourceSize": {"w":29,"h":25},
  "pivot": {"x":0.5,"y":0.5}
},
{
	"filename": "time_8.png",
	"frame": {"x":307,"y":0,"w":25,"h":27},
	"rotated": false,
	"trimmed": false,
	"spriteSourceSize": {"x":0,"y":0,"w":25,"h":27},
	"sourceSize": {"w":25,"h":27},
  "pivot": {"x":0.5,"y":0.5}
},
{
	"filename": "time_9.png",
	"frame": {"x":282,"y":0,"w":25,"h":26},
	"rotated": false,
	"trimmed": false,
	"spriteSourceSize": {"x":0,"y":0,"w":25,"h":26},
	"sourceSize": {"w":25,"h":26},
  "pivot": {"x":0.5,"y":0.5}
}],
"meta": {
	"app": "https://www.codeandweb.com/texturepacker",
	"version": "1.0",
	"image": "play_state.png",
	"format": "RGBA8888",
	"size": {"w":656,"h":430},
	"scale": "1",
	"smartupdate": "$TexturePacker:SmartUpdate:e08b3f408f24f8783c1d24e76fab2014:31616ce86bb5e85e1a53b1bd00c90764:c726cff63f6f93aea3e8c8abc01ae0bb$"
}
}
